id,tanggal,suhu,kelembapan,hujan,angin,hari_tanpa_hujan,indeks_kekeringan,indeks_cuaca_api,skor_risiko,kelas_risiko
0,2019-01-13,25.2,97,38.6,8.9,0,18.438536304022634,18.616917540618275,13.405940593247957,Rendah
0,2019-04-20,28.5,81,25.9,6.5,0,18.438536304022634,19.827891825078957,13.405940593247957,Rendah
0,2019-08-14,33.0,52,0.2,14.2,18,80.49781627332374,81.56146574684861,86.59405939199841,Sangat Tinggi
0,2019-08-16,33.7,41,0.0,14.3,20,81.56146574684861,81.56146574684861,86.59405939199841,Sangat Tinggi
36,2019-09-29,31.5,60,0.3,12.0,64,81.56146574684861,74.11394226426495,79.77409775060934,Sangat Tinggi
36,2019-09-28,30.6,62,0.7,18.2,63,81.56146574684861,78.79819936487031,85.04363481109004,Sangat Tinggi
35,2025-04-05,30.4,70,6.0,11.9,0,31.070134346276113,64.50397191662522,38.23899167165417,Sedang
18,2019-01-18,29.5,72,0.1,16.1,2,49.99999688627839,70.962542093001,54.104820988222976,Tinggi
28,2020-02-20,24.5,59,39.3,7.9,0,18.438536304022634,39.349166448095026,14.958162629679133,Rendah
40,2025-04-08,29.4,65,19.3,8.4,0,19.63753397252606,53.040894404191604,17.158617023168077,Rendah
13,2022-01-16,26.8,79,4.9,5.4,0,38.51509974763213,20.13294050639731,15.303235702208472,Rendah
45,2024-08-14,28.6,67,2.1,7.4,1,49.99999688627839,39.22403622854858,31.09276221998751,Sedang
19,2026-05-11,27.5,61,9.3,6.6,0,19.049947164367897,40.16218069544286,14.824613545540426,Rendah
8,2023-08-14,32.7,52,0.0,6.8,3,49.99999688627839,80.416381865768,62.49999768470617,Tinggi
27,2024-11-28,26.2,83,35.2,7.7,0,18.438536304022634,21.111552322458323,13.545290537477607,Rendah
