tanggal,hujan,hari_tanpa_hujan
2026-05-01,10.7,0
2026-05-02,18.0,0
2026-05-03,12.7,0
2026-05-04,4.2,0
2026-05-05,16.2,0
2026-05-06,12.1,0
2026-05-07,22.8,0
2026-05-08,8.5,0
2026-05-09,10.0,0
2026-05-10,26.8,0
2026-05-11,16.0,0
2026-05-12,11.6,0
2026-05-13,10.9,0
2026-05-14,13.1,0
2026-05-15,41.5,0
2026-05-16,6.8,0
2026-05-17,14.3,0
2026-05-18,2.3,1
2026-05-19,11.0,0
2026-05-20,6.2,0
2026-05-21,1.6,1
2026-05-22,8.8,0
2026-05-23,1.9,1
2026-05-24,4.3,0
2026-05-25,2.6,1
2026-05-26,6.1,0
2026-05-27,1.2,1
2026-05-28,3.5,0
2026-05-29,6.8,0
2026-05-30,8.7,0
2026-05-31,3.8,0
2026-06-01,5.5,0
2026-06-02,5.6,0
2026-06-03,5.3,0
2026-06-04,4.7,0
2026-06-05,10.1,0
2026-06-06,3.3,0
2026-06-07,10.6,0
2026-06-08,13.2,0
2026-06-09,4.8,0
2026-06-10,2.6,1
2026-06-11,25.9,0
2026-06-12,18.4,0
2026-06-13,4.6,0
2026-06-14,6.1,0
2026-06-15,16.5,0
2026-06-16,23.9,0
2026-06-17,5.2,0
2026-06-18,8.6,0
2026-06-19,9.4,0
2026-06-20,2.9,1
2026-06-21,0.4,2
2026-06-22,0.0,3
2026-06-23,1.3,4
2026-06-24,0.4,5
2026-06-25,2.9,6
2026-06-26,4.7,0
2026-06-27,1.2,1
2026-06-28,5.1,0
2026-06-29,2.0,1
2026-06-30,2.9,2
2026-07-01,4.5,0
2026-07-02,5.7,0
2026-07-03,9.7,0
2026-07-04,0.5,1
2026-07-05,1.0,2
2026-07-06,0.3,3
2026-07-07,0.1,4
2026-07-08,1.5,5
2026-07-09,0.0,6
2026-07-10,0.7,7
2026-07-11,1.4,8
2026-07-12,0.2,9
2026-07-13,1.0,10
2026-07-14,0.1,11
2026-07-15,1.3,12
2026-07-16,4.1,0
2026-07-17,0.9,1
2026-07-18,1.6,2
2026-07-19,1.5,3
2026-07-20,0.6,4
2026-07-21,1.3,5
2026-07-22,0.5,6
2026-07-23,0.8,7
2026-07-24,0.4,8
2026-07-25,4.8,0
2026-07-26,1.0,1
2026-07-27,9.5,0
2026-07-28,7.5,0
2026-07-29,3.1,0
2026-07-30,4.3,0
2026-07-31,0.9,1
2026-08-01,0.4,2
2026-08-02,2.7,3
2026-08-03,0.0,4
2026-08-04,0.0,5
2026-08-05,0.3,6
2026-08-06,0.1,7
2026-08-07,0.2,8
2026-08-08,0.4,9
2026-08-09,0.0,10
2026-08-10,0.1,11
2026-08-11,0.1,12
2026-08-12,0.5,13
2026-08-13,1.3,14
2026-08-14,0.1,15
2026-08-15,0.8,16
2026-08-16,0.0,17
2026-08-17,0.0,18
2026-08-18,0.0,19
2026-08-19,0.0,20
2026-08-20,0.1,21
2026-08-21,0.1,22
2026-08-22,0.0,23
2026-08-23,0.0,24
2026-08-24,0.7,25
2026-08-25,0.0,26
2026-08-26,0.0,27
2026-08-27,0.0,28
2026-08-28,0.0,29
2026-08-29,0.0,30
2026-08-30,0.0,31
2026-08-31,0.0,32
2026-09-01,0.0,33
2026-09-02,0.9,34
2026-09-03,0.7,35
2026-09-04,0.8,36
2026-09-05,2.3,37
2026-09-06,0.5,38
2026-09-07,1.0,39
2026-09-08,5.7,0
2026-09-09,1.2,1
2026-09-10,0.3,2
2026-09-11,0.8,3
2026-09-12,2.0,4
2026-09-13,0.4,5
2026-09-14,5.2,0
2026-09-15,0.2,1
2026-09-16,1.1,2
2026-09-17,0.1,3
2026-09-18,0.8,4
2026-09-19,0.1,5
2026-09-20,0.2,6
