id,lat,lon,kabupaten
0,-2.0,116.0,Paser
1,-2.0,116.5,Paser
2,-1.5,116.0,Paser
3,-1.5,116.5,PenajamPaserUtara
4,-1.0,115.5,KutaiBarat
5,-1.0,116.0,KutaiBarat
6,-1.0,116.5,PenajamPaserUtara
7,-1.0,117.0,KutaiKartanegara
8,-0.5,115.5,KutaiBarat
9,-0.5,116.0,KutaiBarat
10,-0.5,116.5,KutaiKartanegara
11,-0.5,117.0,KutaiKartanegara
12,-0.5,117.5,KutaiKartanegara
13,0.0,115.0,KutaiBarat
14,0.0,115.5,KutaiBarat
15,0.0,116.0,KutaiKartanegara
16,0.0,116.5,KutaiKartanegara
17,0.0,117.0,KutaiKartanegara
18,0.0,117.5,KutaiKartanegara
19,0.5,114.5,KutaiBarat
20,0.5,115.0,KutaiBarat
21,0.5,115.5,KutaiBarat
22,0.5,116.0,KutaiKartanegara
23,0.5,116.5,KutaiTimur
24,0.5,117.0,KutaiKartanegara
25,0.5,117.5,KutaiTimur
26,1.0,114.0,KutaiBarat
27,1.0,114.5,KutaiBarat
28,1.0,115.0,KutaiBarat
29,1.0,115.5,KutaiBarat
30,1.0,116.0,KutaiKartanegara
31,1.0,116.5,KutaiTimur
32,1.0,117.0,KutaiTimur
33,1.0,117.5,KutaiTimur
34,1.0,118.0,KutaiTimur
35,1.0,118.5,KutaiTimur
36,1.0,119.0,KutaiTimur
37,1.5,114.5,KutaiBarat
38,1.5,116.0,KutaiKartanegara
39,1.5,116.5,KutaiTimur
40,1.5,117.0,Berau
41,1.5,117.5,KutaiTimur
42,1.5,118.0,Berau
43,1.5,118.5,Berau
44,1.5,119.0,Berau
45,2.0,116.5,Berau
46,2.0,117.0,Berau
47,2.0,117.5,Berau
48,2.5,116.5,Berau
49,2.5,117.0,Berau
50,2.5,117.5,Berau
51,2.5,118.0,Berau
